age_group,income_category,gender,total_received,total_completed,completion_rate
65+,"Upper Middle Income (60K-100K)",F,5401,3146,58.24847
65+,"Upper Middle Income (60K-100K)",M,4641,2456,52.91963
65+,"Middle Income (30K-60K)",M,4328,1534,35.44362
55-64,"Middle Income (30K-60K)",M,3632,1280,35.24229
55-64,"Middle Income (30K-60K)",F,1865,933,50.02681
55-64,"Upper Middle Income (60K-100K)",F,4085,2447,59.90208
55-64,"Upper Middle Income (60K-100K)",M,4102,2227,54.29059
35-44,"Upper Middle Income (60K-100K)",M,2264,1085,47.92403
18-24,"Upper Middle Income (60K-100K)",M,665,237,35.63910
35-44,"Middle Income (30K-60K)",M,3215,1170,36.39191
65+,"Middle Income (30K-60K)",F,2374,1177,49.57877
25-34,"Upper Middle Income (60K-100K)",F,556,288,51.79856
45-54,"Middle Income (30K-60K)",M,3712,1303,35.10237
45-54,"Upper Middle Income (60K-100K)",F,3237,1890,58.38740
45-54,"Middle Income (30K-60K)",F,1733,877,50.60589
45-54,"High Income (>100K)",F,609,368,60.42693
55-64,"High Income (>100K)",F,1017,634,62.34022
25-34,"Middle Income (30K-60K)",M,3059,1018,33.27885
65+,"High Income (>100K)",F,1430,868,60.69930
18-24,"Upper Middle Income (60K-100K)",F,287,161,56.09756
45-54,"Upper Middle Income (60K-100K)",M,3642,1902,52.22405
35-44,"Middle Income (30K-60K)",F,1517,777,51.21951
18-24,"Middle Income (30K-60K)",M,2154,672,31.19777
25-34,"Upper Middle Income (60K-100K)",M,1245,461,37.02811
35-44,"Upper Middle Income (60K-100K)",F,1254,744,59.33014
18-24,"Middle Income (30K-60K)",F,794,362,45.59194
65+,"Middle Income (30K-60K)",O,152,63,41.44737
45-54,"High Income (>100K)",M,298,169,56.71141
65+,"High Income (>100K)",M,643,408,63.45257
55-64,"Upper Middle Income (60K-100K)",O,166,92,55.42169
25-34,"Middle Income (30K-60K)",F,1297,644,49.65305
55-64,"High Income (>100K)",M,529,337,63.70510
45-54,"Upper Middle Income (60K-100K)",O,121,75,61.98347
25-34,"Middle Income (30K-60K)",O,60,24,40.00000
65+,"Upper Middle Income (60K-100K)",O,104,73,70.19231
18-24,"Middle Income (30K-60K)",O,26,9,34.61538
45-54,"Middle Income (30K-60K)",O,66,39,59.09091
55-64,"Middle Income (30K-60K)",O,67,40,59.70149
35-44,"Middle Income (30K-60K)",O,74,36,48.64865
18-24,"Upper Middle Income (60K-100K)",O,12,4,33.33333
35-44,"Upper Middle Income (60K-100K)",O,57,31,54.38596
25-34,"Upper Middle Income (60K-100K)",O,11,9,81.81818
